<application>
  <component name="libraryTable">
    <library name="Python 3.7 interpreter library">
      <CLASSES>
        <root url="file://$USER_HOME$/AppData/Local/Programs/Python/Python37/DLLs" />
        <root url="file://$USER_HOME$/AppData/Local/Programs/Python/Python37/Lib" />
        <root url="file://$USER_HOME$/AppData/Local/Programs/Python/Python37" />
        <root url="file://$USER_HOME$/AppData/Local/Programs/Python/Python37/Lib/site-packages" />
        <root url="file://$USER_HOME$/.IntelliJIdea2019.2/system/python_stubs/1229051315" />
        <root url="file://$APPLICATION_PLUGINS_DIR$/python/helpers/python-skeletons" />
        <root url="file://$APPLICATION_PLUGINS_DIR$/python/helpers/typeshed/stdlib/3" />
        <root url="file://$APPLICATION_PLUGINS_DIR$/python/helpers/typeshed/stdlib/2and3" />
        <root url="file://$APPLICATION_PLUGINS_DIR$/python/helpers/typeshed/third_party/3" />
        <root url="file://$APPLICATION_PLUGINS_DIR$/python/helpers/typeshed/third_party/2and3" />
      </CLASSES>
      <JAVADOC />
      <SOURCES>
        <root url="file://$USER_HOME$/AppData/Local/Programs/Python/Python37/DLLs" />
        <root url="file://$USER_HOME$/AppData/Local/Programs/Python/Python37/Lib" />
        <root url="file://$USER_HOME$/AppData/Local/Programs/Python/Python37" />
        <root url="file://$USER_HOME$/AppData/Local/Programs/Python/Python37/Lib/site-packages" />
        <root url="file://$USER_HOME$/.IntelliJIdea2019.2/system/python_stubs/1229051315" />
        <root url="file://$APPLICATION_PLUGINS_DIR$/python/helpers/python-skeletons" />
        <root url="file://$APPLICATION_PLUGINS_DIR$/python/helpers/typeshed/stdlib/3" />
        <root url="file://$APPLICATION_PLUGINS_DIR$/python/helpers/typeshed/stdlib/2and3" />
        <root url="file://$APPLICATION_PLUGINS_DIR$/python/helpers/typeshed/third_party/3" />
        <root url="file://$APPLICATION_PLUGINS_DIR$/python/helpers/typeshed/third_party/2and3" />
      </SOURCES>
    </library>
  </component>
</application>